{"cameraMode":{"drawMode":0,"name":"Shaded","section":"Shading Mode"},"sceneLighting":true,"audioPlay":false,"sceneViewState":{"showFog":false,"showMaterialUpdate":false,"showSkybox":true,"showFlares":true,"showImageEffects":true,"showParticleSystems":true,"showVisualEffectGraphs":true,"m_FxEnabled":true},"in2DMode":false,"pivot":{"x":21.99831771850586,"y":-7.974357604980469,"z":139.57351684570313},"rotation":{"x":0.08571071177721024,"y":0.002367954468354583,"z":-0.00009104508353630081,"w":0.9963876605033875},"size":213.58877563476563,"orthographic":false}